"Date","Price","Open","High","Low","Vol.","Change %"
"Nov 13, 2020","92.80","92.93","93.00","92.77","-","-0.17%"
"Nov 12, 2020","92.96","93.01","93.14","92.78","-","-0.09%"
"Nov 11, 2020","93.04","92.70","93.21","92.61","-","0.32%"
"Nov 10, 2020","92.75","92.76","92.97","92.60","-","0.03%"
"Nov 09, 2020","92.72","92.24","92.96","92.13","-","0.54%"
"Nov 06, 2020","92.23","92.57","92.82","92.18","-","-0.32%"
"Nov 05, 2020","92.53","93.34","93.54","92.49","-","-0.94%"
"Nov 04, 2020","93.41","93.09","94.30","93.09","-","-0.16%"
"Nov 03, 2020","93.55","94.05","94.05","93.29","-","-0.61%"
"Nov 02, 2020","94.13","93.89","94.29","93.89","-","0.10%"
"Oct 30, 2020","94.04","93.92","94.08","93.65","-","0.09%"
"Oct 29, 2020","93.96","93.46","94.10","93.33","-","0.59%"
"Oct 28, 2020","93.40","93.15","93.64","93.05","-","0.50%"
"Oct 27, 2020","92.94","93.07","93.13","92.79","-","-0.11%"
"Oct 26, 2020","93.04","92.76","93.11","92.74","-","0.30%"
"Oct 23, 2020","92.77","92.93","93.13","92.66","-","-0.20%"
"Oct 22, 2020","92.95","92.67","92.97","92.61","-","0.37%"
"Oct 21, 2020","92.61","93.05","93.07","92.47","-","-0.49%"
"Oct 20, 2020","93.07","93.42","93.50","93.00","-","-0.39%"
"Oct 19, 2020","93.43","93.72","93.77","93.21","-","-0.27%"
"Oct 16, 2020","93.68","93.80","93.88","93.53","-","-0.19%"
"Oct 15, 2020","93.86","93.43","93.90","93.37","-","0.51%"
"Oct 14, 2020","93.38","93.54","93.67","93.25","-","-0.16%"
"Oct 13, 2020","93.53","93.03","93.60","93.03","-","0.50%"
"Oct 12, 2020","93.07","93.06","93.24","93.01","-","0.01%"
"Oct 09, 2020","93.06","93.56","93.59","93.00","-","-0.59%"
"Oct 08, 2020","93.61","93.61","93.78","93.50","-","-0.03%"
"Oct 07, 2020","93.63","93.83","93.90","93.56","-","-0.06%"
"Oct 06, 2020","93.69","93.43","93.85","93.33","-","0.18%"
"Oct 05, 2020","93.51","93.81","93.87","93.37","-","-0.35%"
"Oct 02, 2020","93.84","93.73","94.03","93.69","-","0.14%"
"Oct 01, 2020","93.71","93.80","93.92","93.53","-","-0.19%"
"Sep 30, 2020","93.89","93.85","94.19","93.67","-","0.00%"
"Sep 29, 2020","93.89","94.24","94.30","93.82","-","-0.41%"
"Sep 28, 2020","94.28","94.58","94.64","94.15","-","-0.38%"
"Sep 25, 2020","94.64","94.32","94.74","94.19","-","0.31%"
"Sep 24, 2020","94.35","94.38","94.59","94.20","-","-0.04%"
"Sep 23, 2020","94.39","93.99","94.43","93.93","-","0.43%"
"Sep 22, 2020","93.99","93.55","94.08","93.46","-","0.35%"
"Sep 21, 2020","93.66","93.00","93.78","92.75","-","0.79%"
"Sep 18, 2020","92.93","92.86","93.01","92.77","-","-0.05%"
"Sep 17, 2020","92.97","93.15","93.59","92.87","-","-0.26%"
"Sep 16, 2020","93.21","93.08","93.28","92.78","-","0.18%"
"Sep 15, 2020","93.05","93.06","93.14","92.79","-","0.00%"
"Sep 14, 2020","93.05","93.29","93.33","92.87","-","-0.30%"
"Sep 11, 2020","93.33","93.33","93.38","93.10","-","0.00%"
"Sep 10, 2020","93.34","93.23","93.45","92.70","-","0.09%"
"Sep 09, 2020","93.25","93.58","93.66","93.14","-","-0.20%"
"Sep 08, 2020","93.44","93.05","93.52","93.00","-","0.78%"
"Sep 07, 2020","92.72","92.97","93.09","92.72","-","0.00%"
"Sep 04, 2020","92.72","92.80","93.24","92.66","-","-0.02%"
"Sep 03, 2020","92.74","92.66","93.07","92.65","-","-0.12%"
"Sep 02, 2020","92.85","92.28","92.87","92.21","-","0.55%"
"Sep 01, 2020","92.34","92.18","92.40","91.75","-","0.21%"
"Aug 31, 2020","92.14","92.30","92.48","91.99","-","-0.25%"
"Aug 28, 2020","92.37","93.02","93.10","92.20","-","-0.68%"
"Aug 27, 2020","93.00","92.85","93.32","92.42","-","0.00%"
"Aug 26, 2020","93.01","93.02","93.36","92.85","-","-0.01%"
"Aug 25, 2020","93.02","93.28","93.35","92.97","-","-0.30%"
"Aug 24, 2020","93.30","93.20","93.34","92.84","-","0.05%"
"Aug 21, 2020","93.25","92.72","93.47","92.57","-","0.49%"
"Aug 20, 2020","92.79","92.96","93.24","92.73","-","-0.10%"
"Aug 19, 2020","92.89","92.28","93.05","92.15","-","0.67%"
"Aug 18, 2020","92.27","92.82","92.82","92.13","-","-0.62%"
"Aug 17, 2020","92.85","93.10","93.12","92.77","-","-0.26%"
"Aug 14, 2020","93.10","93.22","93.41","93.01","-","-0.26%"
"Aug 13, 2020","93.33","93.36","93.39","92.93","-","-0.12%"
"Aug 12, 2020","93.44","93.68","93.90","93.27","-","-0.20%"
"Aug 11, 2020","93.63","93.60","93.74","93.17","-","0.05%"
"Aug 10, 2020","93.58","93.39","93.69","93.30","-","0.16%"
"Aug 07, 2020","93.43","92.81","93.62","92.76","-","0.70%"
"Aug 06, 2020","92.79","92.77","93.09","92.52","-","-0.09%"
"Aug 05, 2020","92.87","93.23","93.25","92.56","-","-0.55%"
"Aug 04, 2020","93.38","93.56","93.83","93.23","-","-0.17%"
"Aug 03, 2020","93.54","93.46","93.99","93.32","-","0.21%"
"Jul 31, 2020","93.35","92.82","93.54","92.55","-","0.35%"
"Jul 30, 2020","93.02","93.32","93.68","92.93","-","-0.46%"
"Jul 29, 2020","93.45","93.75","93.80","93.18","-","-0.26%"
"Jul 28, 2020","93.70","93.58","94.01","93.49","-","0.03%"
"Jul 27, 2020","93.67","94.35","94.42","93.48","-","-0.81%"
"Jul 24, 2020","94.43","94.77","94.83","94.33","-","-0.27%"
"Jul 23, 2020","94.69","94.98","95.18","94.59","-","-0.31%"
"Jul 22, 2020","94.99","95.13","95.41","94.83","-","-0.14%"
"Jul 21, 2020","95.12","95.75","95.92","95.05","-","-0.75%"
"Jul 20, 2020","95.83","96.01","96.18","95.73","-","-0.11%"
"Jul 17, 2020","95.94","96.28","96.33","95.90","-","-0.42%"
"Jul 16, 2020","96.35","96.00","96.40","95.89","-","0.28%"
"Jul 15, 2020","96.08","96.17","96.25","95.78","-","-0.18%"
"Jul 14, 2020","96.26","96.54","96.70","96.18","-","-0.21%"
"Jul 13, 2020","96.46","96.66","96.68","96.27","-","-0.19%"
"Jul 10, 2020","96.65","96.75","96.97","96.44","-","-0.05%"
"Jul 09, 2020","96.70","96.45","96.81","96.24","-","0.28%"
"Jul 08, 2020","96.43","96.99","97.05","96.40","-","-0.47%"
"Jul 07, 2020","96.88","96.75","97.15","96.60","-","0.16%"
"Jul 06, 2020","96.72","97.15","97.19","96.57","-","-0.46%"
"Jul 03, 2020","97.17","97.21","97.36","97.12","-","-0.15%"
"Jul 02, 2020","97.32","97.14","97.34","96.81","-","0.12%"
"Jul 01, 2020","97.20","97.39","97.62","97.03","-","-0.20%"
"Jun 30, 2020","97.39","97.40","97.80","97.23","-","-0.15%"
"Jun 29, 2020","97.54","97.50","97.65","97.11","-","0.11%"
"Jun 26, 2020","97.43","97.35","97.68","97.26","-","0.00%"
"Jun 25, 2020","97.43","97.24","97.60","97.16","-","0.29%"
"Jun 24, 2020","97.15","96.66","97.24","96.55","-","0.52%"
"Jun 23, 2020","96.65","96.93","97.25","96.39","-","-0.40%"
"Jun 22, 2020","97.04","97.66","97.74","97.00","-","-0.60%"
"Jun 19, 2020","97.62","97.42","97.72","97.16","-","0.21%"
"Jun 18, 2020","97.42","97.08","97.58","96.95","-","0.27%"
"Jun 17, 2020","97.16","97.01","97.34","96.80","-","0.21%"
"Jun 16, 2020","96.96","96.56","97.25","96.43","-","0.26%"
"Jun 15, 2020","96.71","97.09","97.39","96.60","-","-0.63%"
"Jun 12, 2020","97.32","96.81","97.45","96.49","-","0.61%"
"Jun 11, 2020","96.73","96.09","96.83","95.95","-","0.81%"
"Jun 10, 2020","95.96","96.43","96.46","95.72","-","-0.38%"
"Jun 09, 2020","96.32","96.63","97.06","96.23","-","-0.30%"
"Jun 08, 2020","96.62","96.84","97.07","96.60","-","-0.33%"
"Jun 05, 2020","96.94","96.74","97.03","96.44","-","0.27%"
"Jun 04, 2020","96.68","97.32","97.63","96.57","-","-0.62%"
"Jun 03, 2020","97.28","97.57","97.63","97.18","-","-0.41%"
"Jun 02, 2020","97.67","97.84","97.91","97.43","-","-0.16%"
"Jun 01, 2020","97.83","98.30","98.32","97.79","-","-0.52%"
"May 29, 2020","98.34","98.51","98.55","97.94","-","-0.04%"
"May 28, 2020","98.38","98.91","99.09","98.35","-","-0.69%"
"May 27, 2020","99.06","99.02","99.34","98.72","-","0.16%"
"May 26, 2020","98.91","99.76","99.77","98.90","-","-0.96%"
"May 25, 2020","99.86","99.79","99.97","99.69","-","0.00%"
"May 22, 2020","99.86","99.42","99.87","99.39","-","0.50%"
"May 21, 2020","99.37","99.18","99.51","99.02","-","0.25%"
"May 20, 2020","99.12","99.55","99.56","99.00","-","-0.25%"
"May 19, 2020","99.37","99.62","99.73","99.23","-","-0.29%"
"May 18, 2020","99.67","100.36","100.47","99.58","-","-0.73%"
"May 15, 2020","100.40","100.26","100.49","100.08","-","-0.06%"
"May 14, 2020","100.47","100.19","100.56","100.15","-","0.22%"
"May 13, 2020","100.24","100.01","100.28","99.58","-","0.31%"
"May 12, 2020","99.93","100.23","100.44","99.66","-","-0.30%"
"May 11, 2020","100.24","99.12","100.28","99.12","-","0.50%"
"May 08, 2020","99.73","99.84","99.94","99.10","-","-0.16%"
"May 07, 2020","99.89","100.21","100.40","99.81","-","-0.20%"
"May 06, 2020","100.09","99.79","100.20","99.75","-","0.38%"
"May 05, 2020","99.71","99.51","99.97","99.30","-","0.23%"
"May 04, 2020","99.48","98.57","99.60","98.57","-","0.41%"
"May 01, 2020","99.08","99.13","99.21","98.64","-","0.06%"
"Apr 30, 2020","99.02","99.48","99.72","98.81","-","-0.55%"
"Apr 29, 2020","99.57","99.88","99.89","99.46","-","-0.30%"
"Apr 28, 2020","99.86","100.06","100.21","99.45","-","-0.18%"
"Apr 27, 2020","100.04","100.23","100.32","99.83","-","-0.34%"
"Apr 24, 2020","100.38","100.50","100.87","100.19","-","-0.05%"
"Apr 23, 2020","100.43","100.45","100.69","100.04","-","0.04%"
"Apr 22, 2020","100.39","100.21","100.50","99.90","-","0.13%"
"Apr 21, 2020","100.26","99.94","100.48","99.93","-","0.30%"
"Apr 20, 2020","99.96","99.71","100.07","99.65","-","0.17%"
"Apr 17, 2020","99.78","99.86","100.29","99.62","-","-0.24%"
"Apr 16, 2020","100.03","99.63","100.30","99.61","-","0.57%"
"Apr 15, 2020","99.46","98.82","99.98","98.82","-","0.58%"
"Apr 14, 2020","98.89","99.38","99.43","98.82","-","-0.46%"
"Apr 13, 2020","99.35","99.49","99.63","99.14","-","-0.17%"
"Apr 10, 2020","99.52","99.58","99.63","99.36","-","0.00%"
"Apr 09, 2020","99.52","100.13","100.30","99.36","-","-0.60%"
"Apr 08, 2020","100.12","99.91","100.43","99.90","-","0.22%"
"Apr 07, 2020","99.90","100.75","100.79","99.77","-","-0.78%"
"Apr 06, 2020","100.68","100.66","100.93","100.47","-","0.11%"
"Apr 03, 2020","100.58","100.20","100.85","100.14","-","0.40%"
"Apr 02, 2020","100.18","99.51","100.41","99.33","-","0.51%"
"Apr 01, 2020","99.67","99.01","99.84","98.91","-","0.63%"
"Mar 31, 2020","99.05","99.25","99.95","98.89","-","-0.13%"
"Mar 30, 2020","99.18","98.31","99.32","98.29","-","0.83%"
"Mar 27, 2020","98.36","99.29","99.81","98.27","-","-0.99%"
"Mar 26, 2020","99.35","100.96","101.02","99.24","-","-1.68%"
"Mar 25, 2020","101.05","101.60","101.91","100.84","-","-0.97%"
"Mar 24, 2020","102.04","102.13","102.21","101.05","-","-0.44%"
"Mar 23, 2020","102.49","101.95","102.98","101.65","-","-0.32%"
"Mar 20, 2020","102.82","102.94","102.99","101.09","-","-0.16%"
"Mar 19, 2020","102.99","100.79","102.99","100.78","-","1.80%"
"Mar 18, 2020","101.16","99.38","101.74","99.15","-","1.59%"
"Mar 17, 2020","99.58","98.14","99.83","97.98","-","1.54%"
"Mar 16, 2020","98.07","98.70","98.70","97.45","-","-0.69%"
"Mar 13, 2020","98.75","97.45","98.81","97.33","-","1.31%"
"Mar 12, 2020","97.47","96.65","98.31","96.08","-","0.99%"
"Mar 11, 2020","96.51","96.33","96.69","95.91","-","0.10%"
"Mar 10, 2020","96.41","95.34","96.58","95.23","-","1.60%"
"Mar 09, 2020","94.89","96.11","95.79","94.65","-","-1.10%"
"Mar 06, 2020","95.95","96.61","96.70","95.71","-","-0.90%"
"Mar 05, 2020","96.82","97.38","97.44","96.52","-","-0.53%"
"Mar 04, 2020","97.34","97.17","97.59","97.12","-","0.20%"
"Mar 03, 2020","97.15","97.56","97.69","96.98","-","-0.22%"
"Mar 02, 2020","97.36","98.12","98.12","97.18","-","-0.78%"
"Feb 28, 2020","98.13","98.42","98.66","97.96","-","-0.39%"
"Feb 27, 2020","98.51","99.02","99.05","98.36","-","-0.49%"
"Feb 26, 2020","99.00","99.08","99.27","98.91","-","0.03%"
"Feb 25, 2020","98.97","99.33","99.39","98.88","-","-0.39%"
"Feb 24, 2020","99.36","99.34","99.64","99.11","-","0.10%"
"Feb 21, 2020","99.26","99.86","99.87","99.23","-","-0.60%"
"Feb 20, 2020","99.86","99.54","99.91","99.53","-","0.16%"
"Feb 19, 2020","99.70","99.43","99.72","99.38","-","0.26%"
"Feb 18, 2020","99.44","99.19","99.47","99.14","-","0.44%"
"Feb 17, 2020","99.00","99.16","99.21","99.00","-","-0.12%"
"Feb 14, 2020","99.12","99.12","99.17","99.00","-","0.05%"
"Feb 13, 2020","99.07","98.99","99.11","98.85","-","0.02%"
"Feb 12, 2020","99.05","98.77","99.05","98.70","-","0.33%"
"Feb 11, 2020","98.72","98.86","98.95","98.71","-","-0.11%"
"Feb 10, 2020","98.83","98.70","98.88","98.60","-","0.15%"
"Feb 07, 2020","98.68","98.46","98.72","98.42","-","0.18%"
"Feb 06, 2020","98.50","98.29","98.57","98.21","-","0.20%"
"Feb 05, 2020","98.30","97.94","98.32","97.90","-","0.35%"
"Feb 04, 2020","97.96","97.82","98.01","97.79","-","0.16%"
"Feb 03, 2020","97.80","97.37","97.89","97.37","-","0.42%"
"Jan 31, 2020","97.39","97.87","97.97","97.35","-","-0.49%"
"Jan 30, 2020","97.87","98.03","98.07","97.79","-","-0.12%"
"Jan 29, 2020","97.99","97.95","98.19","97.94","-","-0.03%"
"Jan 28, 2020","98.02","97.95","98.16","97.90","-","0.06%"
"Jan 27, 2020","97.96","97.88","98.00","97.78","-","0.11%"
"Jan 24, 2020","97.85","97.72","97.95","97.67","-","0.16%"
"Jan 23, 2020","97.69","97.48","97.80","97.43","-","0.16%"
"Jan 22, 2020","97.53","97.62","97.69","97.44","-","0.00%"
"Jan 21, 2020","97.53","97.63","97.66","97.39","-","-0.08%"
"Jan 20, 2020","97.61","97.64","97.73","97.58","-","-0.03%"
"Jan 17, 2020","97.64","97.30","97.66","97.27","-","0.33%"
"Jan 16, 2020","97.32","97.18","97.36","97.08","-","0.09%"
"Jan 15, 2020","97.23","97.38","97.44","97.16","-","-0.14%"
"Jan 14, 2020","97.37","97.36","97.56","97.33","-","0.03%"
"Jan 13, 2020","97.34","97.35","97.53","97.31","-","-0.02%"
"Jan 10, 2020","97.36","97.43","97.58","97.30","-","-0.09%"
"Jan 09, 2020","97.45","97.27","97.56","97.25","-","0.15%"
"Jan 08, 2020","97.30","96.83","97.35","96.82","-","0.31%"
"Jan 07, 2020","97.00","96.65","97.09","96.62","-","0.34%"
"Jan 06, 2020","96.67","96.90","96.90","96.54","-","-0.18%"
"Jan 03, 2020","96.84","96.79","97.11","96.71","-","-0.01%"
"Jan 02, 2020","96.85","96.48","96.87","96.42","-","0.48%"
"Jan 01, 2020","96.39","96.50","97.10","96.39","-","0.00%"
"Dec 31, 2019","96.39","96.73","96.73","96.36","-","-0.36%"
"Dec 30, 2019","96.74","97.02","97.02","96.61","-","-0.19%"
"Dec 27, 2019","96.92","97.54","97.55","96.92","-","-0.63%"
"Dec 26, 2019","97.53","97.62","97.71","97.49","-","-0.12%"
"Dec 25, 2019","97.65","97.67","97.73","97.35","-","0.00%"
"Dec 24, 2019","97.65","97.66","97.80","97.61","-","-0.01%"
"Dec 23, 2019","97.66","97.67","97.82","97.58","-","-0.03%"
"Dec 20, 2019","97.69","97.39","97.76","97.38","-","0.32%"
"Dec 19, 2019","97.38","97.40","97.49","97.22","-","-0.02%"
"Dec 18, 2019","97.40","97.23","97.47","97.22","-","0.19%"
"Dec 17, 2019","97.22","97.14","97.30","97.03","-","0.21%"
"Dec 16, 2019","97.02","97.18","97.18","96.93","-","-0.15%"
"Dec 13, 2019","97.17","96.78","97.24","96.72","-","-0.24%"
"Dec 12, 2019","97.40","97.08","97.52","96.59","-","0.33%"
"Dec 11, 2019","97.08","97.51","97.60","97.04","-","-0.34%"
"Dec 10, 2019","97.41","97.65","97.66","97.40","-","-0.24%"
"Dec 09, 2019","97.64","97.68","97.72","97.56","-","-0.06%"
"Dec 06, 2019","97.70","97.38","97.84","97.36","-","0.30%"
"Dec 05, 2019","97.41","97.59","97.59","97.36","-","-0.25%"
"Dec 04, 2019","97.65","97.71","97.79","97.43","-","-0.09%"
"Dec 03, 2019","97.74","97.89","97.94","97.64","-","-0.12%"
"Dec 02, 2019","97.86","98.27","98.38","97.81","-","-0.42%"
"Nov 29, 2019","98.27","98.34","98.54","98.22","-","-0.10%"
"Nov 28, 2019","98.37","98.33","98.40","98.26","-","0.00%"
"Nov 27, 2019","98.37","98.30","98.44","98.28","-","0.12%"
"Nov 26, 2019","98.25","98.33","98.38","98.23","-","-0.07%"
"Nov 25, 2019","98.32","98.27","98.38","98.17","-","0.05%"
"Nov 22, 2019","98.27","97.93","98.31","97.84","-","0.29%"
"Nov 21, 2019","97.99","97.86","98.03","97.73","-","0.06%"
"Nov 20, 2019","97.93","97.84","98.04","97.84","-","0.07%"
"Nov 19, 2019","97.86","97.81","97.89","97.75","-","0.07%"
"Nov 18, 2019","97.79","97.98","97.98","97.68","-","-0.21%"
"Nov 15, 2019","98.00","98.17","98.23","97.96","-","-0.16%"
"Nov 14, 2019","98.16","98.34","98.42","98.11","-","-0.21%"
"Nov 13, 2019","98.37","98.33","98.45","98.29","-","0.06%"
"Nov 12, 2019","98.31","98.21","98.42","98.21","-","0.11%"
"Nov 11, 2019","98.20","98.37","98.38","98.13","-","-0.15%"
"Nov 08, 2019","98.35","98.14","98.40","98.10","-","0.21%"
"Nov 07, 2019","98.14","97.95","98.23","97.82","-","0.19%"
"Nov 06, 2019","97.95","97.94","97.98","97.78","-","-0.03%"
"Nov 05, 2019","97.98","97.55","98.01","97.47","-","0.49%"
"Nov 04, 2019","97.50","97.22","97.58","97.17","-","0.27%"
"Nov 01, 2019","97.24","97.30","97.45","97.11","-","-0.11%"
"Oct 31, 2019","97.35","97.44","97.45","97.22","-","-0.31%"
"Oct 30, 2019","97.65","97.67","98.00","97.45","-","-0.04%"
"Oct 29, 2019","97.69","97.75","97.93","97.61","-","-0.07%"
"Oct 28, 2019","97.76","97.85","97.89","97.67","-","-0.07%"
"Oct 25, 2019","97.83","97.69","97.90","97.57","-","0.20%"
"Oct 24, 2019","97.63","97.46","97.78","97.28","-","0.14%"
"Oct 23, 2019","97.49","97.49","97.65","97.42","-","-0.04%"
"Oct 22, 2019","97.53","97.31","97.57","97.26","-","0.21%"
"Oct 21, 2019","97.33","97.34","97.40","97.15","-","0.05%"
"Oct 18, 2019","97.28","97.60","97.66","97.14","-","-0.34%"
"Oct 17, 2019","97.61","97.99","98.11","97.50","-","-0.40%"
"Oct 16, 2019","98.00","98.32","98.42","97.90","-","-0.30%"
"Oct 15, 2019","98.29","98.45","98.64","98.21","-","-0.16%"
"Oct 14, 2019","98.45","98.36","98.53","98.34","-","0.15%"
"Oct 11, 2019","98.30","98.70","98.74","98.20","-","-0.41%"
"Oct 10, 2019","98.70","98.98","99.07","98.62","-","-0.42%"
"Oct 09, 2019","99.12","99.09","99.16","98.90","-","-0.01%"
"Oct 08, 2019","99.13","98.98","99.25","98.85","-","0.16%"
"Oct 07, 2019","98.97","98.82","99.00","98.74","-","0.16%"
"Oct 04, 2019","98.81","98.87","99.00","98.73","-","-0.05%"
"Oct 03, 2019","98.86","99.03","99.19","98.64","-","-0.16%"
"Oct 02, 2019","99.02","99.16","99.42","98.96","-","-0.11%"
"Oct 01, 2019","99.13","99.40","99.67","99.07","-","-0.25%"
"Sep 30, 2019","99.38","99.12","99.46","99.05","-","0.27%"
"Sep 27, 2019","99.11","99.19","99.31","98.99","-","-0.02%"
"Sep 26, 2019","99.13","98.96","99.28","98.84","-","0.09%"
"Sep 25, 2019","99.04","98.38","99.06","98.36","-","0.71%"
"Sep 24, 2019","98.34","98.64","98.70","98.29","-","-0.26%"
"Sep 23, 2019","98.60","98.51","98.83","98.45","-","0.09%"
"Sep 20, 2019","98.51","98.34","98.64","98.14","-","0.24%"
"Sep 19, 2019","98.27","98.57","98.62","98.20","-","-0.29%"
"Sep 18, 2019","98.56","98.21","98.69","98.19","-","0.31%"
"Sep 17, 2019","98.26","98.65","98.74","98.19","-","-0.35%"
"Sep 16, 2019","98.61","98.12","98.71","98.03","-","0.36%"
"Sep 13, 2019","98.26","98.41","98.43","97.86","-","-0.05%"
"Sep 12, 2019","98.31","98.63","99.10","98.19","-","-0.33%"
"Sep 11, 2019","98.64","98.33","98.75","97.86","-","0.32%"
"Sep 10, 2019","98.33","98.33","98.46","98.26","-","0.05%"
"Sep 09, 2019","98.28","98.42","98.51","98.14","-","-0.11%"
"Sep 06, 2019","98.39","98.42","98.52","98.01","-","-0.02%"
"Sep 05, 2019","98.41","98.40","98.53","98.08","-","-0.04%"
"Sep 04, 2019","98.45","98.96","98.97","98.39","-","-0.56%"
"Sep 03, 2019","99.00","99.08","99.37","98.92","-","0.08%"
"Sep 02, 2019","98.92","98.83","99.13","98.81","-","0.00%"
"Aug 30, 2019","98.92","98.43","99.02","98.41","-","0.42%"
"Aug 29, 2019","98.51","98.19","98.55","98.16","-","0.31%"
"Aug 28, 2019","98.21","98.01","98.26","98.00","-","0.21%"
"Aug 27, 2019","98.00","98.05","98.05","97.86","-","-0.08%"
"Aug 26, 2019","98.08","97.59","98.09","97.48","-","0.45%"
"Aug 23, 2019","97.64","98.19","98.45","97.17","-","-0.54%"
"Aug 22, 2019","98.17","98.25","98.39","98.08","-","-0.13%"
"Aug 21, 2019","98.30","98.17","98.33","97.95","-","0.11%"
"Aug 20, 2019","98.19","98.36","98.45","98.12","-","-0.16%"
"Aug 19, 2019","98.35","98.17","98.39","98.13","-","0.21%"
"Aug 16, 2019","98.14","98.13","98.34","98.11","-","0.00%"
"Aug 15, 2019","98.14","97.95","98.24","97.82","-","0.15%"
"Aug 14, 2019","97.99","97.80","98.05","97.67","-","0.18%"
"Aug 13, 2019","97.81","97.48","97.85","97.32","-","0.44%"
"Aug 12, 2019","97.38","97.53","97.74","97.32","-","-0.11%"
"Aug 09, 2019","97.49","97.57","97.64","97.03","-","-0.13%"
"Aug 08, 2019","97.62","97.60","97.74","97.43","-","0.08%"
"Aug 07, 2019","97.54","97.56","97.85","97.31","-","-0.09%"
"Aug 06, 2019","97.63","97.25","97.77","97.21","-","0.11%"
"Aug 05, 2019","97.52","98.11","98.14","97.38","-","-0.56%"
"Aug 02, 2019","98.07","98.41","98.45","98.05","-","-0.30%"
"Aug 01, 2019","98.37","98.59","98.93","98.27","-","-0.15%"
"Jul 31, 2019","98.52","98.03","98.68","98.00","-","0.48%"
"Jul 30, 2019","98.05","98.07","98.21","98.02","-","0.01%"
"Jul 29, 2019","98.04","97.99","98.17","97.90","-","0.03%"
"Jul 26, 2019","98.01","97.79","98.09","97.76","-","0.19%"
"Jul 25, 2019","97.82","97.69","97.92","97.50","-","0.09%"
"Jul 24, 2019","97.73","97.72","97.81","97.55","-","0.03%"
"Jul 23, 2019","97.70","97.30","97.74","97.30","-","0.45%"
"Jul 22, 2019","97.26","97.14","97.30","97.13","-","0.11%"
"Jul 19, 2019","97.15","96.82","97.29","96.76","-","0.37%"
"Jul 18, 2019","96.79","97.19","97.26","96.67","-","-0.44%"
"Jul 17, 2019","97.22","97.36","97.44","97.16","-","-0.17%"
"Jul 16, 2019","97.39","96.92","97.44","96.92","-","0.47%"
"Jul 15, 2019","96.93","96.84","96.97","96.75","-","0.12%"
"Jul 12, 2019","96.81","97.08","97.12","96.72","-","-0.25%"
"Jul 11, 2019","97.05","97.06","97.15","96.80","-","-0.05%"
"Jul 10, 2019","97.10","97.51","97.55","97.03","-","-0.40%"
"Jul 09, 2019","97.49","97.38","97.59","97.36","-","0.11%"
"Jul 08, 2019","97.38","97.23","97.42","97.16","-","0.09%"
"Jul 05, 2019","97.29","96.72","97.44","96.72","-","0.54%"
"Jul 04, 2019","96.77","96.71","96.81","96.66","-","0.00%"
"Jul 03, 2019","96.77","96.73","96.87","96.59","-","0.04%"
"Jul 02, 2019","96.73","96.81","96.88","96.60","-","-0.11%"
"Jul 01, 2019","96.84","96.25","96.87","96.25","-","0.74%"
"Jun 28, 2019","96.13","96.19","96.30","96.02","-","-0.06%"
"Jun 27, 2019","96.19","96.17","96.39","96.14","-","-0.02%"
"Jun 26, 2019","96.21","96.18","96.34","96.07","-","0.07%"
"Jun 25, 2019","96.14","96.00","96.36","95.84","-","0.17%"
"Jun 24, 2019","95.98","96.18","96.20","95.97","-","-0.25%"
"Jun 21, 2019","96.22","96.62","96.71","96.09","-","-0.42%"
"Jun 20, 2019","96.63","97.17","97.20","96.57","-","-0.50%"
"Jun 19, 2019","97.12","97.63","97.68","97.09","-","-0.53%"
"Jun 18, 2019","97.64","97.53","97.77","97.37","-","0.08%"
"Jun 17, 2019","97.56","97.52","97.60","97.34","-","-0.01%"
"Jun 14, 2019","97.57","97.01","97.58","96.94","-","0.58%"
"Jun 13, 2019","97.01","96.96","97.08","96.87","-","0.01%"
"Jun 12, 2019","97.00","96.71","97.02","96.58","-","0.32%"
"Jun 11, 2019","96.69","96.75","96.88","96.64","-","-0.07%"
"Jun 10, 2019","96.76","96.64","96.94","96.63","-","0.23%"
"Jun 07, 2019","96.54","97.01","97.18","96.46","-","-0.52%"
"Jun 06, 2019","97.04","97.29","97.35","96.78","-","-0.29%"
"Jun 05, 2019","97.32","97.12","97.37","96.75","-","0.26%"
"Jun 04, 2019","97.07","97.21","97.33","97.00","-","-0.07%"
"Jun 03, 2019","97.14","97.64","97.80","97.11","-","-0.62%"
"May 31, 2019","97.75","98.15","98.17","97.61","-","-0.40%"
"May 30, 2019","98.14","98.13","98.28","98.09","-","0.00%"
"May 29, 2019","98.14","97.92","98.21","97.86","-","0.19%"
"May 28, 2019","97.95","97.74","97.98","97.70","-","0.35%"
"May 27, 2019","97.61","97.57","97.79","97.55","-","0.00%"
"May 24, 2019","97.61","97.83","97.91","97.55","-","-0.26%"
"May 23, 2019","97.86","98.06","98.37","97.81","-","-0.18%"
"May 22, 2019","98.04","98.02","98.12","97.89","-","-0.02%"
"May 21, 2019","98.06","97.92","98.13","97.82","-","0.13%"
"May 20, 2019","97.93","97.96","98.04","97.88","-","-0.07%"
"May 17, 2019","98.00","97.83","98.03","97.77","-","0.14%"
"May 16, 2019","97.86","97.54","97.88","97.44","-","0.30%"
"May 15, 2019","97.57","97.53","97.70","97.44","-","0.04%"
"May 14, 2019","97.53","97.32","97.56","97.27","-","0.22%"
"May 13, 2019","97.32","97.30","97.38","97.03","-","-0.01%"
"May 10, 2019","97.33","97.43","97.45","97.13","-","-0.04%"
"May 09, 2019","97.37","97.58","97.70","97.24","-","-0.26%"
"May 08, 2019","97.62","97.57","97.68","97.42","-","-0.01%"
"May 07, 2019","97.63","97.52","97.74","97.38","-","0.11%"
"May 06, 2019","97.52","97.56","97.70","97.46","-","0.00%"
"May 03, 2019","97.52","97.83","98.10","97.41","-","-0.32%"
"May 02, 2019","97.83","97.63","97.85","97.51","-","0.14%"
"May 01, 2019","97.69","97.53","97.73","97.15","-","0.22%"
"Apr 30, 2019","97.48","97.84","97.89","97.44","-","-0.39%"
"Apr 29, 2019","97.86","98.03","98.10","97.83","-","-0.15%"
"Apr 26, 2019","98.01","98.12","98.33","97.85","-","-0.19%"
"Apr 25, 2019","98.20","98.10","98.32","97.99","-","0.03%"
"Apr 24, 2019","98.17","97.59","98.19","97.59","-","0.54%"
"Apr 23, 2019","97.64","97.28","97.78","97.28","-","0.36%"
"Apr 22, 2019","97.29","97.38","97.41","97.26","-","-0.09%"
"Apr 19, 2019","97.38","97.42","97.43","97.33","-","-0.09%"
"Apr 18, 2019","97.47","97.01","97.48","96.96","-","0.47%"
"Apr 17, 2019","97.01","97.07","97.12","96.82","-","-0.03%"
"Apr 16, 2019","97.04","96.93","97.09","96.88","-","0.10%"
"Apr 15, 2019","96.94","96.92","96.96","96.79","-","-0.03%"
"Apr 12, 2019","96.97","97.14","97.18","96.75","-","-0.22%"
"Apr 11, 2019","97.18","96.89","97.19","96.88","-","0.24%"
"Apr 10, 2019","96.95","96.99","97.22","96.85","-","-0.06%"
"Apr 09, 2019","97.01","97.08","97.08","96.86","-","-0.04%"
"Apr 08, 2019","97.05","97.39","97.40","96.98","-","-0.35%"
"Apr 05, 2019","97.39","97.30","97.47","97.19","-","0.08%"
"Apr 04, 2019","97.31","97.04","97.34","97.02","-","0.23%"
"Apr 03, 2019","97.09","97.30","97.32","96.96","-","-0.28%"
"Apr 02, 2019","97.36","97.33","97.52","97.27","-","0.13%"
"Apr 01, 2019","97.23","97.18","97.39","97.03","-","-0.05%"
"Mar 29, 2019","97.28","97.20","97.34","97.00","-","0.08%"
"Mar 28, 2019","97.20","96.97","97.30","96.82","-","0.44%"
"Mar 27, 2019","96.77","96.75","96.98","96.68","-","0.03%"
"Mar 26, 2019","96.74","96.50","96.84","96.45","-","0.18%"
"Mar 25, 2019","96.57","96.64","96.68","96.41","-","-0.08%"
"Mar 22, 2019","96.65","96.32","96.81","96.21","-","0.16%"
"Mar 21, 2019","96.50","95.91","96.62","95.84","-","0.77%"
"Mar 20, 2019","95.76","96.40","96.57","95.74","-","-0.64%"
"Mar 19, 2019","96.38","96.51","96.52","96.29","-","-0.15%"
"Mar 18, 2019","96.52","96.56","96.63","96.38","-","-0.07%"
"Mar 15, 2019","96.59","96.72","96.79","96.49","-","-0.20%"
"Mar 14, 2019","96.78","96.49","96.82","96.47","-","0.24%"
"Mar 13, 2019","96.55","97.01","97.02","96.39","-","-0.40%"
"Mar 12, 2019","96.94","97.05","97.28","96.86","-","-0.29%"
"Mar 11, 2019","97.22","97.39","97.45","96.92","-","-0.09%"
"Mar 08, 2019","97.31","97.61","97.64","97.25","-","-0.37%"
"Mar 07, 2019","97.67","96.83","97.71","96.81","-","0.83%"
"Mar 06, 2019","96.87","96.90","96.99","96.78","-","0.00%"
"Mar 05, 2019","96.87","96.67","97.01","96.66","-","0.20%"
"Mar 04, 2019","96.68","96.34","96.82","96.33","-","0.16%"
"Mar 01, 2019","96.53","96.22","96.55","96.07","-","0.38%"
"Feb 28, 2019","96.16","96.09","96.28","95.82","-","0.01%"
"Feb 27, 2019","96.15","96.06","96.19","95.88","-","0.16%"
"Feb 26, 2019","96.00","96.39","96.46","95.95","-","-0.43%"
"Feb 25, 2019","96.41","96.52","96.60","96.32","-","-0.10%"
"Feb 22, 2019","96.51","96.59","96.78","96.42","-","-0.10%"
"Feb 21, 2019","96.61","96.49","96.66","96.36","-","0.17%"
"Feb 20, 2019","96.45","96.53","96.65","96.29","-","-0.07%"
"Feb 19, 2019","96.52","96.81","97.08","96.43","-","-0.39%"
"Feb 18, 2019","96.90","96.81","96.90","96.65","-","0.00%"
"Feb 15, 2019","96.90","97.06","97.37","96.83","-","-0.08%"
"Feb 14, 2019","96.98","97.14","97.28","96.95","-","-0.15%"
"Feb 13, 2019","97.13","96.73","97.26","96.63","-","0.43%"
"Feb 12, 2019","96.71","97.06","97.20","96.65","-","-0.36%"
"Feb 11, 2019","97.06","96.66","97.12","96.62","-","0.43%"
"Feb 08, 2019","96.64","96.60","96.69","96.45","-","0.13%"
"Feb 07, 2019","96.51","96.39","96.67","96.38","-","0.12%"
"Feb 06, 2019","96.39","96.06","96.42","96.04","-","0.33%"
"Feb 05, 2019","96.07","95.83","96.12","95.81","-","0.23%"
"Feb 04, 2019","95.85","95.60","95.92","95.57","-","0.28%"
"Feb 01, 2019","95.58","95.55","95.66","95.40","-","0.00%"
"Jan 31, 2019","95.58","95.35","95.62","95.16","-","0.25%"
"Jan 30, 2019","95.34","95.79","95.98","95.25","-","-0.50%"
"Jan 29, 2019","95.82","95.74","95.87","95.62","-","0.07%"
"Jan 28, 2019","95.75","95.79","95.92","95.64","-","-0.04%"
"Jan 25, 2019","95.79","96.49","96.53","95.74","-","-0.84%"
"Jan 24, 2019","96.60","96.07","96.68","96.04","-","0.50%"
"Jan 23, 2019","96.12","96.31","96.37","96.05","-","-0.19%"
"Jan 22, 2019","96.30","96.34","96.48","96.22","-","-0.04%"
"Jan 21, 2019","96.34","96.35","96.43","96.20","-","0.00%"
"Jan 18, 2019","96.34","96.07","96.39","96.01","-","0.29%"
"Jan 17, 2019","96.06","96.07","96.26","95.98","-","0.00%"
"Jan 16, 2019","96.06","95.94","96.18","95.86","-","0.02%"
"Jan 15, 2019","96.04","95.57","96.26","95.47","-","0.45%"
"Jan 14, 2019","95.61","95.65","95.72","95.48","-","-0.06%"
"Jan 11, 2019","95.67","95.44","95.76","95.19","-","0.14%"
"Jan 10, 2019","95.54","95.16","95.62","95.03","-","0.34%"
"Jan 09, 2019","95.22","95.81","95.92","95.12","-","-0.71%"
"Jan 08, 2019","95.90","95.69","96.03","95.68","-","0.24%"
"Jan 07, 2019","95.67","96.16","96.16","95.64","-","-0.53%"
"Jan 04, 2019","96.18","96.28","96.61","96.05","-","-0.13%"
"Jan 03, 2019","96.31","96.72","96.75","96.21","-","-0.53%"
"Jan 02, 2019","96.82","96.14","96.96","95.82","-","0.68%"
"Jan 01, 2019","96.17","96.15","96.32","95.65","-","0.00%"
"Dec 31, 2018","96.17","96.40","96.51","96.00","-","-0.24%"
"Dec 28, 2018","96.40","96.51","96.52","96.19","-","-0.08%"
"Dec 27, 2018","96.48","96.92","96.94","96.41","-","-0.59%"
"Dec 26, 2018","97.05","96.58","97.12","96.53","-","0.52%"
"Dec 25, 2018","96.55","96.56","96.96","96.47","-","0.00%"
"Dec 24, 2018","96.55","96.94","96.94","96.38","-","-0.42%"
"Dec 21, 2018","96.96","96.39","97.05","96.25","-","0.71%"
"Dec 20, 2018","96.28","96.99","97.04","96.17","-","-0.77%"
"Dec 19, 2018","97.03","96.91","97.10","96.55","-","-0.07%"
"Dec 18, 2018","97.10","97.13","97.17","96.70","-","0.00%"
"Dec 17, 2018","97.10","97.43","97.46","97.05","-","-0.35%"
"Dec 14, 2018","97.44","97.09","97.71","97.08","-","0.39%"
"Dec 13, 2018","97.06","97.04","97.29","96.88","-","0.02%"
"Dec 12, 2018","97.04","97.38","97.49","96.89","-","-0.36%"
"Dec 11, 2018","97.39","97.18","97.55","96.87","-","0.17%"
"Dec 10, 2018","97.22","96.72","97.24","96.36","-","0.74%"
"Dec 07, 2018","96.51","96.80","96.92","96.51","-","-0.31%"
"Dec 06, 2018","96.81","97.01","97.20","96.55","-","-0.27%"
"Dec 05, 2018","97.07","97.01","97.20","96.83","-","0.10%"
"Dec 04, 2018","96.97","96.94","97.13","96.38","-","-0.07%"
"Dec 03, 2018","97.04","97.13","97.16","96.71","-","-0.24%"
"Nov 30, 2018","97.27","96.76","97.31","96.71","-","0.51%"
"Nov 29, 2018","96.78","96.84","97.00","96.63","-","-0.01%"
"Nov 28, 2018","96.79","97.37","97.54","96.69","-","-0.60%"
"Nov 27, 2018","97.37","97.03","97.50","96.97","-","0.31%"
"Nov 26, 2018","97.07","96.93","97.10","96.66","-","0.15%"
"Nov 23, 2018","96.92","96.51","96.98","96.40","-","0.22%"
"Nov 22, 2018","96.71","96.72","96.72","96.32","-","0.00%"
"Nov 21, 2018","96.71","96.82","96.87","96.50","-","-0.13%"
"Nov 20, 2018","96.84","96.20","96.89","96.04","-","0.68%"
"Nov 19, 2018","96.19","96.43","96.57","96.12","-","-0.29%"
"Nov 16, 2018","96.47","97.05","97.06","96.40","-","-0.47%"
"Nov 15, 2018","96.93","97.01","97.39","96.77","-","0.13%"
"Nov 14, 2018","96.80","97.03","97.41","96.75","-","-0.51%"
"Nov 13, 2018","97.30","97.60","97.66","96.94","-","-0.25%"
"Nov 12, 2018","97.54","97.05","97.69","96.97","-","0.65%"
"Nov 09, 2018","96.91","96.63","97.01","96.62","-","0.20%"
"Nov 08, 2018","96.72","96.19","96.74","96.07","-","0.75%"
"Nov 07, 2018","96.00","95.99","96.46","95.68","-","-0.33%"
"Nov 06, 2018","96.32","96.33","96.45","96.14","-","0.04%"
"Nov 05, 2018","96.28","96.44","96.68","96.25","-","-0.27%"
"Nov 02, 2018","96.54","96.31","96.59","95.99","-","0.27%"
"Nov 01, 2018","96.28","97.08","97.11","96.20","-","-0.88%"
"Oct 31, 2018","97.13","96.99","97.20","96.88","-","0.12%"
"Oct 30, 2018","97.01","96.66","97.02","96.62","-","0.45%"
"Oct 29, 2018","96.58","96.44","96.70","96.35","-","0.23%"
"Oct 26, 2018","96.36","96.59","96.86","96.29","-","-0.33%"
"Oct 25, 2018","96.68","96.36","96.73","96.21","-","0.26%"
"Oct 24, 2018","96.43","95.92","96.53","95.91","-","0.49%"
"Oct 23, 2018","95.96","96.03","96.16","95.81","-","-0.05%"
"Oct 22, 2018","96.01","95.66","96.09","95.47","-","0.31%"
"Oct 19, 2018","95.71","95.95","96.09","95.54","-","-0.20%"
"Oct 18, 2018","95.90","95.66","95.99","95.49","-","0.33%"
"Oct 17, 2018","95.58","95.09","95.66","95.06","-","0.56%"
"Oct 16, 2018","95.05","95.05","95.20","94.79","-","-0.01%"
"Oct 15, 2018","95.06","95.35","95.37","94.95","-","-0.17%"
"Oct 12, 2018","95.22","95.04","95.37","94.95","-","0.21%"
"Oct 11, 2018","95.02","95.43","95.43","94.99","-","-0.51%"
"Oct 10, 2018","95.51","95.59","95.79","95.38","-","-0.17%"
"Oct 09, 2018","95.67","95.75","96.16","95.64","-","-0.09%"
"Oct 08, 2018","95.76","95.62","96.03","95.59","-","0.15%"
"Oct 05, 2018","95.62","95.76","95.94","95.52","-","-0.14%"
"Oct 04, 2018","95.75","96.05","96.12","95.55","-","-0.01%"
"Oct 03, 2018","95.76","95.46","96.12","95.26","-","0.26%"
"Oct 02, 2018","95.51","95.30","95.74","95.26","-","0.22%"
"Oct 01, 2018","95.30","95.11","95.37","95.00","-","0.18%"
"Sep 28, 2018","95.13","95.02","95.37","94.92","-","0.25%"
"Sep 27, 2018","94.89","94.25","95.01","94.21","-","0.74%"
"Sep 26, 2018","94.19","94.17","94.40","93.95","-","0.06%"
"Sep 25, 2018","94.13","94.25","94.37","94.01","-","-0.06%"
"Sep 24, 2018","94.19","94.23","94.37","93.84","-","-0.03%"
"Sep 21, 2018","94.22","93.89","94.33","93.81","-","0.33%"
"Sep 20, 2018","93.91","94.55","94.56","93.83","-","-0.67%"
"Sep 19, 2018","94.54","94.54","94.73","94.32","-","-0.11%"
"Sep 18, 2018","94.64","94.61","94.73","94.31","-","0.15%"
"Sep 17, 2018","94.50","94.93","94.98","94.44","-","-0.45%"
"Sep 14, 2018","94.93","94.55","95.00","94.36","-","0.43%"
"Sep 13, 2018","94.52","94.83","94.97","94.43","-","-0.30%"
"Sep 12, 2018","94.80","95.10","95.28","94.73","-","-0.47%"
"Sep 11, 2018","95.25","95.15","95.35","94.88","-","0.11%"
"Sep 10, 2018","95.15","95.43","95.56","95.03","-","-0.22%"
"Sep 07, 2018","95.36","95.02","95.46","94.87","-","0.36%"
"Sep 06, 2018","95.02","95.10","95.21","94.93","-","-0.17%"
"Sep 05, 2018","95.18","95.40","95.66","95.08","-","-0.27%"
"Sep 04, 2018","95.44","95.14","95.74","95.14","-","0.32%"
"Sep 03, 2018","95.14","95.19","95.22","95.01","-","0.00%"
"Aug 31, 2018","95.14","94.70","95.22","94.55","-","0.44%"
"Aug 30, 2018","94.72","94.53","94.90","94.47","-","0.13%"
"Aug 29, 2018","94.60","94.73","94.93","94.53","-","-0.13%"
"Aug 28, 2018","94.72","94.77","94.91","94.43","-","-0.06%"
"Aug 27, 2018","94.78","95.17","95.30","94.69","-","-0.39%"
"Aug 24, 2018","95.15","95.64","95.69","95.03","-","-0.54%"
"Aug 23, 2018","95.67","95.17","95.71","95.15","-","0.55%"
"Aug 22, 2018","95.15","95.21","95.38","94.93","-","-0.12%"
"Aug 21, 2018","95.26","95.74","95.75","95.08","-","-0.67%"
"Aug 20, 2018","95.90","96.13","96.40","95.73","-","-0.21%"
"Aug 17, 2018","96.10","96.61","96.66","96.09","-","-0.56%"
"Aug 16, 2018","96.64","96.72","96.77","96.32","-","-0.06%"
"Aug 15, 2018","96.70","96.66","96.98","96.65","-","-0.03%"
"Aug 14, 2018","96.73","96.33","96.79","96.14","-","0.35%"
"Aug 13, 2018","96.39","96.32","96.52","96.16","-","0.03%"
"Aug 10, 2018","96.36","95.64","96.45","95.53","-","0.90%"
"Aug 09, 2018","95.50","95.10","95.62","95.03","-","0.47%"
"Aug 08, 2018","95.05","95.14","95.42","94.99","-","-0.18%"
"Aug 07, 2018","95.22","95.34","95.37","94.99","-","-0.15%"
"Aug 06, 2018","95.36","95.20","95.52","95.20","-","0.23%"
"Aug 03, 2018","95.14","95.18","95.37","94.98","-","-0.02%"
"Aug 02, 2018","95.16","94.63","95.19","94.61","-","0.57%"
"Aug 01, 2018","94.62","94.56","94.71","94.49","-","0.14%"
"Jul 31, 2018","94.49","94.33","94.57","94.16","-","0.18%"
"Jul 30, 2018","94.32","94.66","94.76","94.26","-","-0.37%"
"Jul 27, 2018","94.67","94.76","94.91","94.63","-","-0.08%"
"Jul 26, 2018","94.75","94.16","94.80","94.08","-","0.41%"
"Jul 25, 2018","94.36","94.59","94.67","94.14","-","-0.26%"
"Jul 24, 2018","94.61","94.67","94.86","94.40","-","-0.06%"
"Jul 23, 2018","94.67","94.43","94.72","94.21","-","0.23%"
"Jul 20, 2018","94.45","95.13","95.28","94.36","-","-0.74%"
"Jul 19, 2018","95.15","95.08","95.65","94.93","-","0.07%"
"Jul 18, 2018","95.08","95.03","95.41","94.96","-","0.15%"
"Jul 17, 2018","94.94","94.55","95.06","94.30","-","0.45%"
"Jul 16, 2018","94.51","94.69","94.77","94.41","-","-0.25%"
"Jul 13, 2018","94.75","94.89","95.24","94.67","-","-0.06%"
"Jul 12, 2018","94.81","94.70","94.94","94.64","-","0.10%"
"Jul 11, 2018","94.72","94.20","94.77","94.09","-","0.61%"
"Jul 10, 2018","94.15","94.06","94.47","94.02","-","0.07%"
"Jul 09, 2018","94.08","93.97","94.21","93.71","-","0.04%"
"Jul 06, 2018","94.04","94.36","94.49","93.92","-","-0.46%"
"Jul 05, 2018","94.47","94.51","94.59","94.18","-","-0.21%"
"Jul 04, 2018","94.67","94.52","94.71","94.40","-","0.00%"
"Jul 03, 2018","94.67","94.84","94.98","94.56","-","-0.38%"
"Jul 02, 2018","95.03","94.63","95.14","94.53","-","0.41%"
"Jun 29, 2018","94.64","95.30","95.32","94.47","-","-0.79%"
"Jun 28, 2018","95.39","95.27","95.53","95.09","-","0.13%"
"Jun 27, 2018","95.27","94.67","95.42","94.53","-","0.64%"
"Jun 26, 2018","94.66","94.29","94.77","94.17","-","0.40%"
"Jun 25, 2018","94.28","94.50","94.70","94.21","-","-0.25%"
"Jun 22, 2018","94.52","94.86","94.88","94.43","-","-0.23%"
"Jun 21, 2018","94.74","95.13","95.53","94.68","-","-0.34%"
"Jun 20, 2018","95.06","94.97","95.30","94.92","-","-0.02%"
"Jun 19, 2018","95.08","94.63","95.30","94.53","-","0.30%"
"Jun 18, 2018","94.80","94.79","95.05","94.70","-","0.01%"
"Jun 15, 2018","94.79","94.91","95.13","94.65","-","0.02%"
"Jun 14, 2018","94.77","93.50","94.93","93.19","-","1.13%"
"Jun 13, 2018","93.71","93.83","94.03","93.52","-","-0.10%"
"Jun 12, 2018","93.80","93.67","93.91","93.47","-","0.24%"
"Jun 11, 2018","93.58","93.54","93.68","93.37","-","0.03%"
"Jun 08, 2018","93.55","93.44","93.82","93.39","-","0.16%"
"Jun 07, 2018","93.40","93.58","93.59","93.21","-","-0.28%"
"Jun 06, 2018","93.66","93.88","93.89","93.42","-","-0.26%"
"Jun 05, 2018","93.90","94.06","94.32","93.78","-","-0.13%"
"Jun 04, 2018","94.02","94.16","94.19","93.66","-","-0.18%"
"Jun 01, 2018","94.19","93.95","94.45","93.88","-","0.22%"
"May 31, 2018","93.98","94.07","94.25","93.72","-","-0.18%"
"May 30, 2018","94.15","94.82","94.97","94.04","-","-0.72%"
"May 29, 2018","94.83","94.41","95.03","94.28","-","0.68%"
"May 28, 2018","94.19","94.25","94.50","93.86","-","0.00%"
"May 25, 2018","94.19","93.80","94.30","93.75","-","0.46%"
"May 24, 2018","93.76","93.90","93.98","93.61","-","-0.26%"
"May 23, 2018","94.00","93.55","94.19","93.51","-","0.42%"
"May 22, 2018","93.61","93.54","93.73","93.29","-","-0.07%"
"May 21, 2018","93.68","93.69","94.06","93.51","-","0.04%"
"May 18, 2018","93.64","93.50","93.83","93.34","-","0.18%"
"May 17, 2018","93.47","93.26","93.56","93.12","-","0.09%"
"May 16, 2018","93.39","93.31","93.63","93.14","-","0.18%"
"May 15, 2018","93.22","92.65","93.46","92.61","-","0.68%"
"May 14, 2018","92.59","92.55","92.69","92.24","-","0.05%"
"May 11, 2018","92.54","92.69","92.84","92.37","-","-0.12%"
"May 10, 2018","92.65","93.08","93.16","92.54","-","-0.42%"
"May 09, 2018","93.04","93.05","93.42","92.84","-","-0.09%"
"May 08, 2018","93.12","92.73","93.28","92.65","-","0.40%"
"May 07, 2018","92.75","92.57","92.97","92.45","-","0.19%"
"May 04, 2018","92.57","92.43","92.90","92.35","-","0.17%"
"May 03, 2018","92.41","92.72","92.76","92.34","-","-0.11%"
"May 02, 2018","92.51","92.47","92.83","92.22","-","0.06%"
"May 01, 2018","92.45","91.81","92.57","91.80","-","0.66%"
"Apr 30, 2018","91.84","91.53","91.92","91.48","-","0.33%"
"Apr 27, 2018","91.54","91.56","91.99","91.49","-","-0.02%"
"Apr 26, 2018","91.56","91.21","91.64","90.96","-","0.43%"
"Apr 25, 2018","91.17","90.76","91.26","90.75","-","0.44%"
"Apr 24, 2018","90.77","90.92","91.08","90.71","-","-0.20%"
"Apr 23, 2018","90.95","90.35","90.98","90.32","-","0.70%"
"Apr 20, 2018","90.32","89.90","90.48","89.89","-","0.42%"
"Apr 19, 2018","89.94","89.62","89.95","89.50","-","0.36%"
"Apr 18, 2018","89.62","89.50","89.78","89.45","-","0.11%"
"Apr 17, 2018","89.52","89.41","89.67","89.23","-","0.11%"
"Apr 16, 2018","89.42","89.77","89.85","89.39","-","-0.42%"
"Apr 13, 2018","89.80","89.76","89.88","89.66","-","0.06%"
"Apr 12, 2018","89.75","89.52","89.96","89.44","-","0.20%"
"Apr 11, 2018","89.57","89.58","89.67","89.36","-","-0.02%"
"Apr 10, 2018","89.59","89.83","89.97","89.54","-","-0.28%"
"Apr 09, 2018","89.84","90.07","90.27","89.82","-","-0.30%"
"Apr 06, 2018","90.11","90.38","90.60","90.07","-","-0.39%"
"Apr 05, 2018","90.46","90.09","90.59","90.07","-","0.36%"
"Apr 04, 2018","90.14","90.16","90.23","89.92","-","-0.07%"
"Apr 03, 2018","90.20","90.02","90.28","89.85","-","0.17%"
"Apr 02, 2018","90.05","89.97","90.15","89.82","-","0.09%"
"Mar 30, 2018","89.97","90.10","90.12","89.88","-","-0.20%"
"Mar 29, 2018","90.15","90.11","90.18","89.90","-","0.10%"
"Mar 28, 2018","90.06","89.32","90.15","89.25","-","0.82%"
"Mar 27, 2018","89.33","89.02","89.63","88.94","-","0.34%"
"Mar 26, 2018","89.03","89.47","89.52","88.98","-","-0.50%"
"Mar 23, 2018","89.48","89.67","89.74","89.40","-","-0.42%"
"Mar 22, 2018","89.86","89.65","89.96","89.40","-","0.09%"
"Mar 21, 2018","89.78","90.41","90.40","89.63","-","-0.65%"
"Mar 20, 2018","90.37","89.88","90.44","89.85","-","0.67%"
"Mar 19, 2018","89.77","90.20","90.34","89.76","-","-0.51%"
"Mar 16, 2018","90.23","90.14","90.38","89.89","-","0.10%"
"Mar 15, 2018","90.14","89.75","90.17","89.62","-","0.49%"
"Mar 14, 2018","89.70","89.70","89.89","89.56","-","0.04%"
"Mar 13, 2018","89.66","89.91","90.11","89.59","-","-0.26%"
"Mar 12, 2018","89.89","90.11","90.19","89.84","-","-0.22%"
"Mar 09, 2018","90.09","90.20","90.36","90.00","-","-0.10%"
"Mar 08, 2018","90.18","89.59","90.23","89.44","-","0.60%"
"Mar 07, 2018","89.64","89.51","89.78","89.41","-","0.02%"
"Mar 06, 2018","89.62","89.96","90.06","89.43","-","-0.51%"
"Mar 05, 2018","90.08","89.83","90.22","89.83","-","0.16%"
"Mar 02, 2018","89.94","90.25","90.29","89.88","-","-0.42%"
"Mar 01, 2018","90.32","90.67","90.93","90.21","-","-0.32%"
"Feb 28, 2018","90.61","90.41","90.70","90.31","-","0.28%"
"Feb 27, 2018","90.36","89.80","90.50","89.69","-","0.57%"
"Feb 26, 2018","89.85","89.96","90.05","89.50","-","-0.03%"
"Feb 23, 2018","89.88","89.78","90.06","89.76","-","0.16%"
"Feb 22, 2018","89.74","90.16","90.23","89.64","-","-0.29%"
"Feb 21, 2018","90.00","89.71","90.16","89.59","-","0.31%"
"Feb 20, 2018","89.72","89.24","89.80","89.22","-","0.70%"
"Feb 19, 2018","89.10","89.10","89.44","88.95","-","0.00%"
"Feb 16, 2018","89.10","88.57","89.23","88.25","-","0.58%"
"Feb 15, 2018","88.59","88.96","89.00","88.54","-","-0.59%"
"Feb 14, 2018","89.12","89.69","90.12","88.94","-","-0.65%"
"Feb 13, 2018","89.70","90.09","90.18","89.61","-","-0.57%"
"Feb 12, 2018","90.21","90.35","90.43","90.07","-","-0.25%"
"Feb 09, 2018","90.44","90.25","90.56","90.12","-","0.23%"
"Feb 08, 2018","90.23","90.27","90.57","90.01","-","-0.02%"
"Feb 07, 2018","90.25","89.63","90.40","89.47","-","0.75%"
"Feb 06, 2018","89.58","89.66","90.03","89.37","-","0.03%"
"Feb 05, 2018","89.55","89.35","89.70","89.02","-","0.40%"
"Feb 02, 2018","89.19","88.64","89.42","88.59","-","0.59%"
"Feb 01, 2018","88.67","89.04","89.33","88.56","-","-0.52%"
"Jan 31, 2018","89.13","89.10","89.30","88.78","-","-0.03%"
"Jan 30, 2018","89.16","89.36","89.64","88.91","-","-0.17%"
"Jan 29, 2018","89.31","89.11","89.62","89.01","-","0.27%"
"Jan 26, 2018","89.07","89.40","89.40","88.72","-","-0.36%"
"Jan 25, 2018","89.39","89.32","89.58","88.44","-","0.20%"
"Jan 24, 2018","89.21","90.00","90.11","89.16","-","-1.01%"
"Jan 23, 2018","90.12","90.39","90.59","90.06","-","-0.31%"
"Jan 22, 2018","90.40","90.44","90.70","90.35","-","-0.19%"
"Jan 19, 2018","90.57","90.50","90.70","90.16","-","0.08%"
"Jan 18, 2018","90.50","90.78","90.98","90.41","-","-0.04%"
"Jan 17, 2018","90.54","90.41","91.00","90.11","-","0.17%"
"Jan 16, 2018","90.39","90.44","90.82","90.34","-","-0.64%"
"Jan 15, 2018","90.97","90.94","90.94","90.28","-","0.00%"
"Jan 12, 2018","90.97","91.85","91.88","90.90","-","-0.96%"
"Jan 11, 2018","91.85","92.33","92.55","91.79","-","-0.52%"
"Jan 10, 2018","92.33","92.57","92.57","91.92","-","-0.22%"
"Jan 09, 2018","92.53","92.34","92.64","92.21","-","0.18%"
"Jan 08, 2018","92.36","92.06","92.40","91.88","-","0.45%"
"Jan 05, 2018","91.95","91.87","92.10","91.78","-","0.11%"
"Jan 04, 2018","91.85","92.22","92.26","91.80","-","-0.34%"
"Jan 03, 2018","92.16","91.82","92.26","91.81","-","0.32%"
"Jan 02, 2018","91.87","92.24","92.25","91.75","-","-0.41%"
"Jan 01, 2018","92.25","92.29","92.32","92.18","-","-0.04%"